titleid,titlename,description,genre,releaseyear,runtimeminutes
1,Black Adam,‘Anti-Hero saving his people’,Action,2022,165
2,Forrest Gump,Dumb guy becomes lucky guy,Drama,1994,182
3,Sonic the Hedgehog,Hedgehog runs fast and saves people,Action,2020,99
4,The Shawshank Redemption,"Two imprisoned men bond over a number of years, finding solace and eventual redemption through acts of common decency.",Drama,1994,142
5,The Godfather,An organized crime dynasty's aging patriarch transfers control of his clandestine empire to his reluctant son.,"Crime, Drama",1972,175
6,The Dark Knight,"When the menace known as the Joker wreaks havoc and chaos on the people of Gotham, Batman must accept one of the greatest psychological and physical tests of his ability to fight injustice.","Action, Crime, Drama",2008,152
7,The Godfather: Part II,"The early life and career of Vito Corleone in 1920s New York City is portrayed, while his son, Michael, expands and tightens his grip on the family crime syndicate.","Crime, Drama",1974,202
8,12 Angry Men,A jury holdout attempts to prevent a miscarriage of justice by forcing his colleagues to reconsider the evidence.,"Crime, Drama",1957,96
9,The Lord of the Rings: The Return of the King,Gandalf and Aragorn lead the World of Men against Sauron's army to draw his gaze from Frodo and Sam as they approach Mount Doom with the One Ring.,"Action, Adventure, Drama",2003,201
10,Pulp Fiction,"The lives of two mob hitmen, a boxer, a gangster and his wife, and a pair of diner bandits intertwine in four tales of violence and redemption.","Crime, Drama",1994,154
11,Schindler's List,"In German-occupied Poland during World War II, industrialist Oskar Schindler gradually becomes concerned for his Jewish workforce after witnessing their persecution by the Nazis.","Biography, Drama, History",1993,195
12,Inception,A thief who steals corporate secrets through the use of dream-sharing technology is given the inverse task of planting an idea into the d of a C.E.O.,"Action, Adventure, Sci-Fi",2010,148
13,Fight Club,"An insomniac office worker and a devil-may-care soapmaker form an underground fight club that evolves into something much, much more.",Drama,1999,139
14,The Lord of the Rings: The Fellowship of the Ring,A meek Hobbit from the Shire and eight companions set out on a journey to destroy the powerful One Ring and save Middle-earth from the Dark Lord Sauron.,"Action, Adventure, Drama",2001,178
15,Forrest Gump,"The presidencies of Kennedy and Johnson, the events of Vietnam, Watergate and other historical events unfold through the perspective of an Alabama man with an IQ of 75, whose only desire is to be reunited with his childhood sweetheart.","Drama, Romance",1994,142
16,"Il buono, il brutto, il cattivo",A bounty hunting scam joins two men in an uneasy alliance against a third in a race to find a fortune in gold buried in a remote cemetery.,Western,1966,161
17,The Lord of the Rings: The Two Towers,"While Frodo and Sam edge closer to Mordor with the help of the shifty Gollum, the divided fellowship makes a stand against Sauron''s new ally, Saruman, and his hordes of Isengard.","Action, Adventure, Drama",2002,179
18,The Matrix,"When a beautiful stranger leads computer hacker Neo to a forbidding underworld, he discovers the shocking truth--the life he knows is the elaborate deception of an evil cyber-intelligence.","Action, Sci-Fi",1999,136
19,Goodfellas,"The story of Henry Hill and his life in the mob, covering his relationship with his wife Karen Hill and his mob partners Jimmy Conway and Tommy DeVito in the Italian-American crime syndicate.","Biography, Crime, Drama",1990,146
20,Star Wars: Episode V - The Empire Strikes Back,"After the Rebels are brutally overpowered by the Empire on the ice planet Hoth, Luke Skywalker begins Jedi training with Yoda, while his friends are pursued by Darth Vader and a bounty hunter named Boba Fett all over the galaxy.","Action, Adventure, Fantasy",1980,124
21,One Flew Over the Cuckoo's Nest,"A crial pleads insanity and is admitted to a mental institution, where he rebels against the oppressive nurse and rallies up the scared patients.",Drama,1975,133
22,Hamilton,"The real life of one of America''s foremost founding fathers and first Secretary of the Treasury, Alexander Hamilton. Captured live on Broadway from the Richard Rodgers Theater with the original Broadway cast.","Biography, Drama, History",2020,160
23,Gisaengchung,Greed and class discriation threaten the newly formed symbiotic relationship between the wealthy Park family and the destitute Kim clan.,"Comedy, Drama, Thriller",2019,132
24,Soorarai Pottru,Nedumaaran Rajangam Maara sets out to make the common man fly and in the process takes on the world's most capital intensive industry and several enemies who stand in his way.,Drama,2020,153
25,Interstellar,A team of explorers travel through a wormhole in space in an attempt to ensure humanity's survival.,"Adventure, Drama, Sci-Fi",2014,169
26,Cidade de Deus,"In the slums of Rio, two kids'' paths diverge as one struggles to become a photographer and the other a kingpin.","Crime, Drama",2002,130
27,Sen to Chihiro no kamikakushi,"During her family''s move to the suburbs, a sullen 10-year-old girl wanders into a world ruled by gods, witches, and spirits, and where humans are changed into beasts.","Animation, Adventure, Family",2001,125
28,Saving Private Ryan,"Following the Normandy Landings, a group of U.S. soldiers go behind enemy lines to retrieve a paratrooper whose brothers have been killed in action.","Drama, War",1998,169
29,The Green Mile,"The lives of guards on Death Row are affected by one of their charges: a black man accused of child murder and rape, yet who has a mysterious gift.","Crime, Drama, Fantasy",1999,189
30,La vita è bella,"When an open-ded Jewish librarian and his son become victims of the Holocaust, he uses a perfect mixture of will, humor, and imagination to protect his son from the dangers around their camp.","Comedy, Drama, Romance",1997,116
31,Se7en,"Two detectives, a rookie and a veteran, hunt a serial killer who uses the seven deadly sins as his motives.","Crime, Drama, Mystery",1995,127
32,The Silence of the Lambs,"A young F.B.I. cadet must receive the help of an incarcerated and manipulative cannibal killer to help catch another serial killer, a madman who skins his victims.","Crime, Drama, Thriller",1991,118
33,Star Wars,"Luke Skywalker joins forces with a Jedi Knight, a cocky pilot, a Wookiee and two droids to save the galaxy from the Empire''s world-destroying battle station, while also attempting to rescue Princess Leia from the mysterious Darth Vader.","Action, Adventure, Fantasy",1977,121
34,Seppuku,"When a ronin requesting seppuku at a feudal lord''s palace is told of the brutal suicide of another ronin who previously visited, he reveals how their pasts are intertwined - and in doing so challenges the clan''s integrity.","Action, Drama, Mystery",1962,133
35,Shichinin no samurai,A poor village under attack by bandits recruits seven unemployed samurai to help them defend themselves.,"Action, Adventure, Drama",1954,207
36,It's a Wonderful Life,An angel is sent from Heaven to help a desperately frustrated businessman by showing him what life would have been like if he had never existed.,"Drama, Family, Fantasy",1946,130
37,Joker,"In Gotham City, mentally troubled comedian Arthur Fleck is disregarded and mistreated by society. He then embarks on a downward spiral of revolution and bloody crime. This path brings him face-to-face with his alter-ego: the Joker.","Crime, Drama, Thriller",2019,122
38,Whiplash,A promising young drummer enrolls at a cut-throat music conservatory where his dreams of greatness are mentored by an instructor who will stop at nothing to realize a student's potential.,"Drama, Music",2014,106
39,The Intouchables,"After he becomes a quadriplegic from a paragliding accident, an aristocrat hires a young man from the projects to be his caregiver.","Biography, Comedy, Drama",2011,112
40,The Prestige,"After a tragic accident, two stage magicians engage in a battle to create the ultimate illusion while sacrificing everything they have to outwit each other.","Drama, Mystery, Sci-Fi",2006,130
41,The Departed,An undercover cop and a mole in the police attempt to identify each other while infiltrating an Irish gang in South Boston.,"Crime, Drama, Thriller",2006,151
42,The Pianist,A Polish Jewish musician struggles to survive the destruction of the Warsaw ghetto of World War II.,"Biography, Drama, Music",2002,150
43,Gladiator,A former Roman General sets out to exact vengeance against the corrupt emperor who murdered his family and sent him into slavery.,"Action, Adventure, Drama",2000,155
44,American History X,A former neo-nazi skinhead tries to prevent his younger brother from going down the same wrong path that he did.,Drama,1998,119
45,The Usual Suspects,"A sole survivor tells of the twisty events leading up to a horrific gun battle on a boat, which began when five crials met at a seegly random police lineup.","Crime, Mystery, Thriller",1995,106
46,Léon,"Mathilda, a 12-year-old girl, is reluctantly taken in by Léon, a professional assassin, after her family is murdered. An unusual relationship forms as she becomes his protégée and learns the assassin''s trade.","Action, Crime, Drama",1994,110
47,The Lion King,"Lion prince Simba and his father are targeted by his bitter uncle, who wants to ascend the throne himself.","Animation, Adventure, Drama",1994,88
48,Terator 2: Judgment Day,"A cyborg, identical to the one who failed to kill Sarah Connor, must now protect her teenage son, John Connor, from a more advanced and powerful cyborg.","Action, Sci-Fi",1991,137
49,Nuovo Cinema Paradiso,A filmmaker recalls his childhood when falling in love with the pictures at the cinema of his home village and forms a deep friendship with the cinema's projectionist.,"Drama, Romance",1988,155
50,Hotaru no haka,A young boy and his little sister struggle to survive in Japan during World War II.,"Animation, Drama, War",1988,89
51,Back to the Future,"Marty McFly, a 17-year-old high school student, is accidentally sent thirty years into the past in a time-traveling DeLorean invented by his close friend, the eccentric scientist Doc Brown.","Adventure, Comedy, Sci-Fi",1985,116
52,Once Upon a Time in the West,A mysterious stranger with a harmonica joins forces with a notorious desperado to protect a beautiful widow from a ruthless assassin working for the railroad.,Western,1968,165
53,Psycho,"A Phoenix secretary embezzles $40,000 from her employer''s client, goes on the run, and checks into a remote motel run by a young man under the doation of his mother.","Horror, Mystery, Thriller",1960,109
54,Casablanca,A cynical expatriate American cafe owner struggles to decide whether or not to help his former lover and her fugitive husband escape the Nazis in French Morocco.,"Drama, Romance, War",1942,102
55,Modern Times,The Tramp struggles to live in modern industrial society with the help of a young homeless woman.,"Comedy, Drama, Family",1936,87
56,City Lights,"With the aid of a wealthy erratic tippler, a dewy-eyed tramp who has fallen in love with a sightless flower girl accumulates money to be able to help her medically.","Comedy, Drama, Romance",1931,87
57,Capharnaüm,"While serving a five-year sentence for a violent crime, a 12-year-old boy sues his parents for neglect.",Drama,2018,126
58,Ayla: The Daughter of War,"In 1950, amid-st the ravages of the Korean War, Sergeant Süleyman stumbles upon a half-frozen little girl, with no parents and no help in sight. Frantic, scared and on the verge of death, ...                See full summary »","Biography, Drama, History",2017,125
59,Vikram Vedha,"Vikram, a no-nonsense police officer, accompanied by Simon, his partner, is on the hunt to capture Vedha, a smuggler and a murderer. Vedha tries to change Vikram''s life, which leads to a conflict.","Action, Crime, Drama",2017,147
60,Kimi no na wa.,"Two strangers find themselves linked in a bizarre way. When a connection forms, will distance be the only thing to keep them apart?","Animation, Drama, Fantasy",2016,106
61,Dangal,Former wrestler Mahavir Singh Phogat and his two wrestler daughters struggle towards glory at the Commonwealth Games in the face of societal oppression.,"Action, Biography, Drama",2016,161
62,Spider-Man: Into the Spider-Verse,"Teen Miles Morales becomes the Spider-Man of his universe, and must join with five spider-powered individuals from other dimensions to stop a threat for all realities.","Animation, Action, Adventure",2018,117
63,Avengers: Endgame,"After the devastating events of Avengers: Infinity War (2018), the universe is in ruins. With the help of remaining allies, the Avengers assemble once more in order to reverse Thanos'' actions and restore balance to the universe.","Action, Adventure, Drama",2019,181
64,Avengers: Infinity War,The Avengers and their allies must be willing to sacrifice all in an attempt to defeat the powerful Thanos before his blitz of devastation and ruin puts an end to the universe.,"Action, Adventure, Sci-Fi",2018,149
65,Coco,"Aspiring musician Miguel, confronted with his family''s ancestral ban on music, enters the Land of the Dead to find his great-great-grandfather, a legendary singer.","Animation, Adventure, Family",2017,105
66,Django Unchained,"With the help of a German bounty hunter, a freed slave sets out to rescue his wife from a brutal Mississippi plantation owner.","Drama, Western",2012,165
67,The Dark Knight Rises,"Eight years after the Joker''s reign of anarchy, Batman, with the help of the enigmatic Catwoman, is forced from his exile to save Gotham City from the brutal guerrilla terrorist Bane.","Action, Adventure",2012,164
103,Good Will Hunting,"Will Hunting, a janitor at M.I.T., has a gift for mathematics, but needs help from a psychologist to find direction in his life.","Drama, Romance",1997,126
68,3 Idiots,"Two friends are searching for their long lost companion. They revisit their college days and recall the memories of their friend who inspired them to think differently, even as the rest of the world called them idiots.","Comedy, Drama",2009,170
69,Taare Zameen Par,"An eight-year-old boy is thought to be a lazy trouble-maker, until the new art teacher has the patience and compassion to discover the real problem behind his struggles in school.","Drama, Family",2007,165
70,WALL·E,"In the distant future, a small waste-collecting robot inadvertently embarks on a space journey that will ultimately decide the fate of mankind.","Animation, Adventure, Family",2008,98
71,The Lives of Others,"In 1984 East Berlin, an agent of the secret police, conducting surveillance on a writer and his lover, finds himself becog increasingly absorbed by their lives.","Drama, Mystery, Thriller",2006,137
72,Oldeuboi,"After being kidnapped and imprisoned for fifteen years, Oh Dae-Su is released, only to find that he must find his captor in five days.","Action, Drama, Mystery",2003,101
73,Memento,A man with short-term memory loss attempts to track down his wife's murderer.,"Mystery, Thriller",2000,113
74,Mononoke-hime,"On a journey to find the cure for a Tatarigami''s curse, Ashitaka finds himself in the middle of a war between the forest gods and Tatara, a ing colony. In this quest he also meets San, the Mononoke Hime.","Animation, Action, Adventure",1997,134
75,Once Upon a Time in America,"A former Prohibition-era Jewish gangster returns to the Lower East Side of Manhattan over thirty years later, where he once again must confront the ghosts and regrets of his old life.","Crime, Drama",1984,229
76,Raiders of the Lost Ark,"In 1936, archaeologist and adventurer Indiana Jones is hired by the U.S. government to find the Ark of the Covenant before Adolf Hitler''s Nazis can obtain its awesome powers.","Action, Adventure",1981,115
77,The Shining,"A family heads to an isolated hotel for the winter where a sinister presence influences the father into violence, while his psychic son sees horrific forebodings from both past and future.","Drama, Horror",1980,146
78,Apocalypse Now,A U.S. Army officer serving in Vietnam is tasked with assassinating a renegade Special Forces Colonel who sees himself as a god.,"Drama, Mystery, War",1979,147
79,Alien,"After a space merchant vessel receives an unknown transmission as a distress call, one of the crew is attacked by a mysterious life form and they soon realize that its life cycle has merely begun.","Horror, Sci-Fi",1979,117
80,Anand,"The story of a terally ill man who wishes to live life to the fullest before the inevitable occurs, as told by his best friend.","Drama, Musical",1971,122
81,Tengoku to jigoku,An executive of a shoe company becomes a victim of extortion when his chauffeur's son is kidnapped and held for ransom.,"Crime, Drama, Mystery",1963,143
82,Dr. Strangelove or: How I Learned to Stop Worrying and Love the Bomb,An insane general triggers a path to nuclear holocaust that a War Room full of politicians and generals frantically tries to stop.,Comedy,1964,95
83,Witness for the Prosecution,A veteran British barrister must defend his client in a murder trial that has surprise after surprise.,"Crime, Drama, Mystery",1957,116
84,Paths of Glory,"After refusing to attack an enemy position, a general accuses the soldiers of cowardice and their commanding officer must defend them.","Drama, War",1957,88
85,Rear Window,A wheelchair-bound photographer spies on his neighbors from his apartment window and becomes convinced one of them has committed murder.,"Mystery, Thriller",1954,112
86,Sunset Blvd.,A screenwriter develops a dangerous relationship with a faded film star detered to make a triumphant return.,"Drama, Film-Noir",1950,110
87,The Great Dictator,Dictator Adenoid Hynkel tries to expand his empire while a poor Jewish barber tries to avoid persecution from Hynkel's regime.,"Comedy, Drama, War",1940,125
88,1917,"April 6th, 1917. As a regiment assembles to wage war deep in enemy territory, two soldiers are assigned to race against time and deliver a message that will stop 1,600 men from walking straight into a deadly trap.","Drama, Thriller, War",2019,119
89,Tumbbad,A mythological story about a goddess who created the entire universe. The plot revolves around the consequences when humans build a temple for her first-born.,"Drama, Fantasy, Horror",2018,104
90,Andhadhun,"A series of mysterious events change the life of a blind pianist, who must now report a crime that he should technically know nothing of.","Crime, Drama, Music",2018,139
91,Drishyam,A man goes to extreme lengths to save his family from punishment after the family commits an accidental crime.,"Crime, Drama, Thriller",2013,160
92,Jagten,"A teacher lives a lonely life, all the while struggling over his son''s custody. His life slowly gets better as he finds love and receives good news from his son, but his new luck is about to be brutally shattered by an innocent little lie.",Drama,2012,115
93,Jodaeiye Nader az Si,A married couple are faced with a difficult decision - to improve the life of their child by moving to another country or to stay in Iran and look after a deteriorating parent who has Alzheimer's disease.,Drama,2011,123
94,Incendies,Twins journey to the Middle East to discover their family history and fulfill their mother's last wishes.,"Drama, Mystery, War",2010,131
95,Miracle in cell NO.7,A story of love between a mentally-ill father who was wrongly accused of murder and his lovely six years old daughter. The prison would be their home. Based on the 2013 Korean movie 7-beon-bang-ui seon-mul (2013).,Drama,2019,132
96,Babam ve Oglum,The family of a left-wing journalist is torn apart after the military coup of Turkey in 1980.,"Drama, Family",2005,112
97,Inglourious Basterds,"In Nazi-occupied France during World War II, a plan to assassinate Nazi leaders by a group of Jewish U.S. soldiers coincides with a theatre owner''s vengeful plans for the same.","Adventure, Drama, War",2009,153
98,Eternal Sunshine of the Spotless d,"When their relationship turns sour, a couple undergoes a medical procedure to have each other erased from their memories.","Drama, Romance, Sci-Fi",2004,108
99,Amélie,"Amélie is an innocent and naive girl in Paris with her own sense of justice. She decides to help those around her and, along the way, discovers love.","Comedy, Romance",2001,122
100,Snatch,"Unscrupulous boxing promoters, violent bookmakers, a Russian gangster, incompetent amateur robbers and supposedly Jewish jewelers fight to track down a priceless stolen diamond.","Comedy, Crime",2000,104
101,Requiem for a Dream,The drug-induced utopias of four Coney Island people are shattered when their addictions run deep.,Drama,2000,102
102,American Beauty,A sexually frustrated suburban father has a mid-life crisis after becog infatuated with his daughter's best friend.,Drama,1999,122
104,Bacheha-Ye aseman,"After a boy loses his sister''s pair of shoes, he goes on a series of adventures in order to find them. When he can''t, he tries a new way to win a new pair.","Drama, Family, Sport",1997,89
105,Toy Story,A cowboy doll is profoundly threatened and jealous when a new spaceman figure supplants him as top toy in a boy's room.,"Animation, Adventure, Comedy",1995,81
106,Braveheart,Scottish warrior William Wallace leads his countrymen in a rebellion to free his homeland from the tyranny of King Edward I of England.,"Biography, Drama, History",1995,178
107,Reservoir Dogs,"When a simple jewelry heist goes horribly wrong, the surviving crials begin to suspect that one of them is a police informant.","Crime, Drama, Thriller",1992,99
108,Full Metal Jacket,A pragmatic U.S. Marine observes the dehumanizing effects the Vietnam War has on his fellow recruits from their brutal boot camp training to the bloody street fighting in Hue.,"Drama, War",1987,116
109,Idi i smotri,"After finding an old rifle, a young boy joins the Soviet resistance movement against ruthless German forces and experiences the horrors of World War II.","Drama, Thriller, War",1985,142
110,Aliens,"Fifty-seven years after surviving an apocalyptic attack aboard her space vessel by merciless space creatures, Officer Ripley awakens from hyper-sleep and tries to warn anyone who will listen about the predators.","Action, Adventure, Sci-Fi",1986,137
111,Amadeus,"The life, success and troubles of Wolfgang Amadeus Mozart, as told by Antonio Salieri, the contemporaneous composer who was insanely jealous of Mozart''s talent and claimed to have murdered him.","Biography, Drama, History",1984,160
112,Scarface,"In 1980 Miami, a detered Cuban immigrant takes over a drug cartel and succumbs to greed.","Crime, Drama",1983,170
113,Star Wars: Episode VI - Return of the Jedi,"After a daring mission to rescue Han Solo from Jabba the Hutt, the Rebels dispatch to Endor to destroy the second Death Star. Meanwhile, Luke struggles to help Darth Vader back from the dark side without falling into the Emperor''s trap.","Action, Adventure, Fantasy",1983,131
114,Das Boot,"The claustrophobic world of a WWII German U-boat; boredom, filth and sheer terror.","Adventure, Drama, Thriller",1981,149
115,Taxi Driver,"A mentally unstable veteran works as a nighttime taxi driver in New York City, where the perceived decadence and sleaze fuels his urge for violent action by attempting to liberate a presidential campaign worker and an underage prostitute.","Crime, Drama",1976,114
116,The Sting,Two grifters team up to pull off the ultimate con.,"Comedy, Crime, Drama",1973,129
117,A Clockwork Orange,"In the future, a sadistic gang leader is imprisoned and volunteers for a conduct-aversion experiment, but it doesn''t go as planned.","Crime, Drama, Sci-Fi",1971,136
118,2001: A Space Odyssey,"After discovering a mysterious artifact buried beneath the Lunar surface, mankind sets off on a quest to find its origins with help from intelligent supercomputer H.A.L. 9000.","Adventure, Sci-Fi",1968,149
119,Per qualche dollaro in più,Two bounty hunters with the same intentions team up to track down a Western outlaw.,Western,1965,132
120,Lawrence of Arabia,"The story of T.E. Lawrence, the English officer who successfully united and led the diverse, often warring, Arab tribes during World War I in order to fight the Turks.","Adventure, Biography, Drama",1962,228
121,The Apartment,"A man tries to rise in his company by letting its executives use his apartment for trysts, but complications and a romance of his own ensue.","Comedy, Drama, Romance",1960,125
122,North by Northwest,A New York City advertising executive goes on the run after being mistaken for a government agent by a group of foreign spies.,"Adventure, Mystery, Thriller",1959,136
123,Vertigo,A former police detective juggles wrestling with his personal demons and becog obsessed with a hauntingly beautiful woman.,"Mystery, Romance, Thriller",1958,128
124,Singin' in the Rain,A silent film production company and cast make a difficult transition to sound.,"Comedy, Musical, Romance",1952,103
125,Ikiru,A bureaucrat tries to find a meaning in his life after he discovers he has teral cancer.,Drama,1952,143
126,Ladri di biciclette,"In post-war Italy, a working-class man''s bicycle is stolen. He and his son set out to find it.",Drama,1948,89
127,Double Indemnity,An insurance representative lets himself be talked by a seductive housewife into a murder/insurance fraud scheme that arouses the suspicion of an insurance investigator.,"Crime, Drama, Film-Noir",1944,107
128,Citizen Kane,"Following the death of publishing tycoon Charles Foster Kane, reporters scramble to uncover the meaning of his final utterance; ''Rosebud''.","Drama, Mystery",1941,119
129,M - Eine Stadt sucht einen Mörder,"When the police in a German city are unable to catch a child-murderer, other crials join in the manhunt.","Crime, Mystery, Thriller",1931,117
130,Metropolis,"In a futuristic city sharply divided between the working class and the city planners, the son of the city''s masterd falls in love with a working-class prophet who predicts the cog of a savior to mediate their differences.","Drama, Sci-Fi",1927,153
131,The Kid,"The Tramp cares for an abandoned child, but events put that relationship in jeopardy.","Comedy, Drama, Family",1921,68
132,Chhichhore,"A tragic incident forces Anirudh, a middle-aged man, to take a trip down memory lane and reisce his college days along with his friends, who were labelled as losers.","Comedy, Drama",2019,143
133,Uri: The Surgical Strike,"Indian army special forces execute a covert operation, avenging the killing of fellow army men at their base by a terrorist group.","Action, Drama, War",2018,138
134,K.G.F: Chapter 1,"In the 1970s, a fierce rebel rises against brutal oppression and becomes the symbol of hope to legions of downtrodden people.","Action, Drama",2018,156
135,Green Book,A working-class Italian-American bouncer becomes the driver of an African-American classical pianist on a tour of venues through the 1960s American South.,"Biography, Comedy, Drama",2018,130
136,"Three Billboards Outside Ebbing, Missouri",A mother personally challenges the local authorities to solve her daughter's murder when they fail to catch the culprit.,"Comedy, Crime, Drama",2017,115
137,Talvar,An experienced investigator confronts several conflicting theories about the perpetrators of a violent double homicide.,"Crime, Drama, Mystery",2015,132
138,Baahubali 2: The Conclusion,"When Shiva, the son of Bahubali, learns about his heritage, he begins to look for answers. His story is juxtaposed with past events that unfolded in the Mahishmati Kingdom.","Action, Drama",2017,167
139,Klaus,"A simple act of kindness always sparks another, even in a frozen, faraway place. When Smeerensburg''s new postman, Jesper, befriends toymaker Klaus, their gifts melt an age-old feud and deliver a sleigh full of holiday traditions.","Animation, Adventure, Comedy",2019,96
140,Drishyam,"Desperate measures are taken by a man who tries to save his family from the dark side of the law, after they commit an unexpected crime.","Crime, Drama, Mystery",2015,163
141,Queen,A Delhi girl from a traditional family sets out on a solo honeymoon after her marriage gets cancelled.,"Adventure, Comedy, Drama",2013,146
142,Mandariinid,"In 1992, war rages in Abkhazia, a breakaway region of Georgia. An Estonian man Ivo has decided to stay behind and harvest his crops of tangerines. In a bloody conflict at his door, a wounded man is left behind, and Ivo takes him in.","Drama, War",2013,87
143,Bhaag Milkha Bhaag,The truth behind the ascension of Milkha Singh who was scarred because of the India-Pakistan partition.,"Biography, Drama, Sport",2013,186
144,Gangs of Wasseypur,"A clash between Sultan and Shahid Khan leads to the expulsion of Khan from Wasseypur, and ignites a deadly blood feud spanning three generations.","Action, Comedy, Crime",2012,321
145,Udaan,"Expelled from his school, a 16-year old boy returns home to his abusive and oppressive father.",Drama,2010,134
146,Paan Singh Tomar,"The story of Paan Singh Tomar, an Indian athlete and seven-time national steeplechase champion who becomes one of the most feared dacoits in Chambal Valley after his retirement.","Action, Biography, Crime",2012,135
147,El secreto de sus ojos,A retired legal counselor writes a novel hoping to find closure for one of his past unresolved homicide cases and for his unreciprocated love with his superior - both of which still haunt him decades later.,"Drama, Mystery, Romance",2009,129
148,Warrior,"The youngest son of an alcoholic former boxer returns home, where he''s trained by his father for competition in a mixed martial arts tournament - a path that puts the fighter on a collision course with his estranged, older brother.","Action, Drama, Sport",2011,140
149,Shutter Island,"In 1954, a U.S. Marshal investigates the disappearance of a murderer who escaped from a hospital for the crially insane.","Mystery, Thriller",2010,138
150,Up,"78-year-old Carl Fredricksen travels to Paradise Falls in his house equipped with balloons, inadvertently taking a young stowaway.","Animation, Adventure, Comedy",2009,96
151,The Wolf of Wall Street,"Based on the true story of Jordan Belfort, from his rise to a wealthy stock-broker living the high life to his fall involving crime, corruption and the federal government.","Biography, Crime, Drama",2013,180
152,Chak De! India,Kabir Khan is the coach of the Indian Women's National Hockey Team and his dream is to make his all girls team emerge victorious against all odds.,"Drama, Family, Sport",2007,153
153,There Will Be Blood,"A story of family, religion, hatred, oil and madness, focusing on a turn-of-the-century prospector in the early days of the business.",Drama,2007,158
154,Pan's Labyrinth,"In the Falangist Spain of 1944, the bookish young stepdaughter of a sadistic army officer escapes into an eerie but captivating fantasy world.","Drama, Fantasy, War",2006,118
155,Toy Story 3,"The toys are mistakenly delivered to a day-care center instead of the attic right before Andy leaves for college, and it''s up to Woody to convince the other toys that they weren''t abandoned and to return home.","Animation, Adventure, Comedy",2010,103
156,V for Vendetta,"In a future British tyranny, a shadowy freedom fighter, known only by the alias of V, plots to overthrow it with the help of a young woman.","Action, Drama, Sci-Fi",2005,132
157,Rang De Basanti,"The story of six young Indians who assist an English woman to film a documentary on the freedom fighters from their past, and the events that lead them to relive the long-forgotten saga of freedom.","Comedy, Crime, Drama",2006,167
158,Black,"The cathartic tale of a young woman who can''t see, hear or talk and the teacher who brings a ray of light into her dark world.",Drama,2005,122
159,Batman Begins,"After training with his mentor, Batman begins his fight to free crime-ridden Gotham City from corruption.","Action, Adventure",2005,140
160,"Swades: We, the People",A successful Indian scientist returns to an Indian village to take his nanny to America with him and in the process rediscovers his roots.,Drama,2004,210
161,Der Untergang,"Traudl Junge, the final secretary for Adolf Hitler, tells of the Nazi dictator''s final days in his Berlin bunker at the end of WWII.","Biography, Drama, History",2004,156
162,Hauru no ugoku shiro,"When an unconfident young woman is cursed with an old body by a spiteful witch, her only chance of breaking the spell lies with a self-indulgent yet insecure young wizard and his companions in his legged, walking castle.","Animation, Adventure, Family",2004,119
163,A Beautiful d,"After John Nash, a brilliant but asocial mathematician, accepts secret work in cryptography, his life takes a turn for the nightmarish.","Biography, Drama",2001,135
164,Hera Pheri,"Three unemployed men look for answers to all their money problems - but when their opportunity arrives, will they know what to do with it?","Action, Comedy, Crime",2000,156
165,"Lock, Stock and Two Smoking Barrels","A botched card game in London triggers four friends, thugs, weed-growers, hard gangsters, loan sharks and debt collectors to collide with each other in a series of unexpected events, all for the sake of weed, cash and two antique shotguns.","Action, Comedy, Crime",1998,107
166,L.A. Confidential,"As corruption grows in 1950s Los Angeles, three policemen - one strait-laced, one brutal, and one sleazy - investigate a series of murders with their own brand of justice.","Crime, Drama, Mystery",1997,138
167,Eskiya,"Baran the Bandit, released from prison after 35 years, searches for vengeance and his lover.","Crime, Drama, Thriller",1996,128
168,Heat,A group of professional bank robbers start to feel the heat from police when they unknowingly leave a clue at their latest heist.,"Crime, Drama, Thriller",1995,170
169,Casino,"A tale of greed, deception, money, power, and murder occur between two best friends: a mafia enforcer and a casino executive compete against each other over a gambling empire, and over a fast-living and fast-loving socialite.","Crime, Drama",1995,178
170,Andaz Apna Apna,Two slackers competing for the affections of an heiress inadvertently become her protectors from an evil crial.,"Action, Comedy, Romance",1994,160
171,Unforgiven,"Retired Old West gunslinger William Munny reluctantly takes on one last job, with the help of his old partner Ned Logan and a young man, The Schofield Kid.","Drama, Western",1992,130
172,Indiana Jones and the Last Crusade,"In 1938, after his father Professor Henry Jones, Sr. goes missing while pursuing the Holy Grail, Professor Henry Indiana Jones, Jr. finds himself up against Adolf Hitler''s Nazis again to stop them from obtaining its powers.","Action, Adventure",1989,127
245,Kill Bill: Vol. 1,"After awakening from a four-year coma, a former assassin wreaks vengeance on the team of assassins who betrayed her.","Action, Crime, Drama",2003,111
173,Dom za vesanje,"In this luous tale set in the area around Sarajevo and in Italy, Perhan, an engaging young Romany (gypsy) with telekinetic powers, is seduced by the quick-cash world of petty crime, which threatens to destroy him and those he loves.","Comedy, Crime, Drama",1988,142
174,Tonari no Totoro,"When two girls move to the country to be near their ailing mother, they have adventures with the wondrous forest spirits who live nearby.","Animation, Family, Fantasy",1988,86
175,Die Hard,An NYPD officer tries to save his wife and several others taken hostage by German terrorists during a Christmas party at the Nakatomi Plaza in Los Angeles.,"Action, Thriller",1988,132
176,Ran,"In Medieval Japan, an elderly warlord retires, handing over his empire to his three sons. However, he vastly underestimates how the new-found power will corrupt them and cause them to turn on each other...and him.","Action, Drama, War",1985,162
177,Raging Bull,"The life of boxer Jake LaMotta, whose violence and temper that led him to the top in the ring destroyed his life outside of it.","Biography, Drama, Sport",1980,129
178,Stalker,A guide leads two men through an area known as the Zone to find a room that grants wishes.,"Drama, Sci-Fi",1979,162
179,Höstsonaten,"A married daughter who longs for her mother''s love is visited by the latter, a successful concert pianist.","Drama, Music",1978,99
180,The Message,This epic historical drama chronicles the life and times of Prophet Muhammad and serves as an introduction to early Islamic history.,"Biography, Drama, History",1976,177
181,Sholay,"After his family is murdered by a notorious and ruthless bandit, a former police officer enlists the services of two outlaws to capture the bandit.","Action, Adventure, Comedy",1975,204
182,Monty Python and the Holy Grail,"King Arthur and his Knights of the Round Table embark on a surreal, low-budget search for the Holy Grail, encountering many, very silly obstacles.","Adventure, Comedy, Fantasy",1975,91
183,The Great Escape,Allied prisoners of war plan for several hundred of their number to escape from a German camp during World War II.,"Adventure, Drama, History",1963,172
184,To Kill a Mockingbird,"Atticus Finch, a lawyer in the Depression-era South, defends a black man against an undeserved rape charge, and his children against prejudice.","Crime, Drama",1962,129
185,Yôjinbô,A crafty ronin comes to a town divided by two crial gangs and decides to play them against each other to free the town.,"Action, Drama, Thriller",1961,110
186,Judgment at Nuremberg,"In 1948, an American court in occupied Germany tries four Nazis judged for war crimes.","Drama, War",1961,179
187,Some Like It Hot,"After two male musicians witness a mob hit, they flee the state in an all-female band disguised as women, but further complications set in.","Comedy, Music, Romance",1959,121
188,Smultronstället,"After living a life marked by coldness, an aging professor is forced to confront the emptiness of his existence.","Drama, Romance",1957,91
189,Det sjunde inseglet,"A man seeks answers about life, death, and the existence of God as he plays chess against the Grim Reaper during the Black Plague.","Drama, Fantasy, History",1957,96
190,Du rififi chez les hommes,"Four men plan a technically perfect crime, but the human element intervenes...","Crime, Drama, Thriller",1955,118
191,Dial M for Murder,A former tennis player tries to arrange his wife's murder after learning of her affair.,"Crime, Thriller",1954,105
192,Tôkyô monogatari,"An old couple visit their children and grandchildren in the city, but receive little attention.",Drama,1953,136
193,Rashômon,"The rape of a bride and the murder of her samurai husband are recalled from the perspectives of a bandit, the bride, the samurai''s ghost and a woodcutter.","Crime, Drama, Mystery",1950,88
194,All About Eve,A seegly timid but secretly ruthless ingénue insinuates herself into the lives of an aging Broadway star and her circle of theater friends.,Drama,1950,138
195,The Treasure of the Sierra Madre,Two Americans searching for work in Mexico convince an old prospector to help them e for gold in the Sierra Madre Mountains.,"Adventure, Drama, Western",1948,126
196,To Be or Not to Be,"During the Nazi occupation of Poland, an acting troupe becomes embroiled in a Polish soldier''s efforts to track down a German spy.","Comedy, War",1942,99
197,The Gold Rush,A prospector goes to the Klondike in search of gold and finds it and more.,"Adventure, Comedy, Drama",1925,95
198,Sherlock Jr.,"A film projectionist longs to be a detective, and puts his meagre skills to work when he is framed by a rival for stealing his girlfriend''s father''s pocketwatch.","Action, Comedy, Romance",1924,45
199,Portrait de la jeune fille en feu,"On an isolated island in Brittany at the end of the eighteenth century, a female painter is obliged to paint a wedding portrait of a young woman.","Drama, Romance",2019,122
200,Pink,"When three young women are implicated in a crime, a retired lawyer steps forward to help them clear their names.","Drama, Thriller",2016,136
201,Koe no katachi,"A young man is ostracized by his classmates after he bullies a deaf girl to the point where she moves away. Years later, he sets off on a path for redemption.","Animation, Drama, Family",2016,130
202,Contratiempo,A successful entrepreneur accused of murder and a witness preparation expert have less than three hours to come up with an impregnable defense.,"Crime, Drama, Mystery",2016,106
203,Ah-ga-ssi,"A woman is hired as a handmaiden to a Japanese heiress, but secretly she is involved in a plot to defraud her.","Drama, Romance, Thriller",2016,145
204,Mommy,"A widowed single mother, raising her violent son alone, finds new hope when a mysterious neighbor inserts herself into their household.",Drama,2014,139
205,Haider,"A young man returns to Kashmir after his father''s disappearance to confront his uncle, whom he suspects of playing a role in his father''s fate.","Action, Crime, Drama",2014,160
206,Logan,"In a future where mutants are nearly extinct, an elderly and weary Logan leads a quiet life. But when Laura, a mutant child pursued by scientists, comes to him for help, he must get her to safety.","Action, Drama, Sci-Fi",2017,137
207,Room,"Held captive for 7 years in an enclosed space, a woman and her young son finally gain their freedom, allowing the boy to experience the outside world for the first time.","Drama, Thriller",2015,118
208,Relatos salvajes,Six short stories that explore the extremities of human behavior involving people in distress.,"Comedy, Drama, Thriller",2014,122
209,Soul,"After landing the gig of a lifetime, a New York jazz pianist suddenly finds himself trapped in a strange land between Earth and the afterlife.","Animation, Adventure, Comedy",2020,100
210,Kis Uykusu,A hotel owner and landlord in a remote Turkish village deals with conflicts within his family and a tenant behind on his rent.,Drama,2014,196
211,PK,An alien on Earth loses the only device he can use to communicate with his spaceship. His innocent nature and child-like questions force the country to evaluate the impact of religion on its people.,"Comedy, Drama, Musical",2014,153
212,OMG: Oh My God!,A shopkeeper takes God to court when his shop is destroyed by an earthquake.,"Comedy, Drama, Fantasy",2012,125
213,The Grand Budapest Hotel,"A writer encounters the owner of an aging high-class hotel, who tells him of his early years serving as a lobby boy in the hotel''s glorious years under an exceptional concierge.","Adventure, Comedy, Crime",2014,99
214,Gone Girl,"With his wife''s disappearance having become the focus of an intense media circus, a man sees the spotlight turned on him when it''s suspected that he may not be innocent.","Drama, Mystery, Thriller",2014,149
215,Ôkami kodomo no Ame to Yuki,"After her werewolf lover unexpectedly dies in an accident while hunting for food for their children, a young woman must find ways to raise the werewolf son and daughter that she had with him while keeping their trait hidden from society.","Animation, Drama, Fantasy",2012,117
216,Hacksaw Ridge,"World War II American Army Medic Desmond T. Doss, who served during the Battle of Okinawa, refuses to kill people, and becomes the first man in American history to receive the Medal of Honor without firing a shot.","Biography, Drama, History",2016,139
217,Inside Out,"After young Riley is uprooted from her Midwest life and moved to San Francisco, her emotions - Joy, Fear, Anger, Disgust and Sadness - conflict on how best to navigate a new city, house, and school.","Animation, Adventure, Comedy",2015,95
218,Barfi!,Three young people learn that love can neither be defined nor contained by society's definition of normal and abnormal.,"Comedy, Drama, Romance",2012,151
219,12 Years a Slave,"In the antebellum United States, Solomon Northup, a free black man from upstate New York, is abducted and sold into slavery.","Biography, Drama, History",2013,134
220,Rush,The merciless 1970s rivalry between Formula One rivals James Hunt and Niki Lauda.,"Action, Biography, Drama",2013,123
221,Ford v Ferrari,American car designer Carroll Shelby and driver Ken Miles battle corporate interference and the laws of physics to build a revolutionary race car for Ford in order to defeat Ferrari at the 24 Hours of Le Mans in 1966.,"Action, Biography, Drama",2019,152
222,Spotlight,"The true story of how the Boston Globe uncovered the massive scandal of child molestation and cover-up within the local Catholic Archdiocese, shaking the entire Catholic Church to its core.","Biography, Crime, Drama",2015,129
223,Song of the Sea,"Ben, a young Irish boy, and his little sister Saoirse, a girl who can turn into a seal, go on an adventure to free the fairies and save the spirit world.","Animation, Adventure, Drama",2014,93
224,Kahaani,"A pregnant woman''s search for her missing husband takes her from London to Kolkata, but everyone she questions denies having ever met him.","Mystery, Thriller",2012,122
225,Zindagi Na Milegi Dobara,Three friends decide to turn their fantasy vacation into reality after one of their friends gets engaged.,"Comedy, Drama",2011,155
226,Prisoners,"When Keller Dover''s daughter and her friend go missing, he takes matters into his own hands as the police pursue multiple leads and the pressure mounts.","Crime, Drama, Mystery",2013,153
227,Mad Max: Fury Road,"In a post-apocalyptic wasteland, a woman rebels against a tyrannical ruler in search for her homeland with the aid of a group of female prisoners, a psychotic worshiper, and a drifter named Max.","Action, Adventure, Sci-Fi",2015,120
228,A Wednesday,A retiring police officer reisces about the most astounding day of his career. About a case that was never filed but continues to haunt him in his memories - the case of a man and a Wednesday.,"Action, Crime, Drama",2008,104
229,Gran Torino,"Disgruntled Korean War veteran Walt Kowalski sets out to reform his neighbor, Thao Lor, a Hmong teenager who tried to steal Kowalski''s prized possession: a 1972 Gran Torino.",Drama,2008,116
230,Harry Potter and the Deathly Hallows: Part 2,"Harry, Ron, and Hermione search for Voldemort''s remaining Horcruxes in their effort to destroy the Dark Lord as the final battle rages on at Hogwarts.","Adventure, Drama, Fantasy",2011,130
231,Okuribito,A newly unemployed cellist takes a job preparing the dead for funerals.,"Drama, Music",2008,130
232,Hachi: A Dog's Tale,A college professor bonds with an abandoned dog he takes into his home.,"Biography, Drama, Family",2009,93
233,Mary and Max,"A tale of friendship between two unlikely pen pals: Mary, a lonely, eight-year-old girl living in the suburbs of Melbourne, and Max, a forty-four-year old, severely obese man living in New York.","Animation, Comedy, Drama",2009,92
234,How to Train Your Dragon,"A hapless young Viking who aspires to hunt dragons becomes the unlikely friend of a young dragon himself, and learns there may be more to the creatures than he assumed.","Animation, Action, Adventure",2010,98
235,Into the Wild,"After graduating from Emory University, top student and athlete Christopher McCandless abandons his possessions, gives his entire $24,000 savings account to charity and hitchhikes to Alaska to live in the wilderness. Along the way, Christopher encounters a series of characters that shape his life.","Adventure, Biography, Drama",2007,148
236,No Country for Old Men,Violence and mayhem ensue after a hunter stumbles upon a drug deal gone wrong and more than two million dollars in cash near the Rio Grande.,"Crime, Drama, Thriller",2007,122
237,Lage Raho Munna Bhai,Munna Bhai embarks on a journey with Mahatma Gandhi in order to fight against a corrupt property dealer.,"Comedy, Drama, Romance",2006,144
238,Million Dollar Baby,A detered woman works with a hardened boxing trainer to become a professional.,"Drama, Sport",2004,132
239,Hotel Rwanda,"Paul Rusesabagina, a hotel manager, houses over a thousand Tutsi refugees during their struggle against the Hutu militia in Rwanda, Africa.","Biography, Drama, History",2004,121
240,Taegukgi hwinalrimyeo,"When two brothers are forced to fight in the Korean War, the elder decides to take the riskiest missions if it will help shield the younger from battle.","Action, Drama, War",2004,140
241,Before Sunset,"Nine years after Jesse and Celine first met, they encounter each other again on the French leg of Jesse''s book tour.","Drama, Romance",2004,80
242,Munna Bhai M.B.B.S.,A gangster sets out to fulfill his father's dream of becog a doctor.,"Comedy, Drama, Musical",2003,156
243,Salinui chueok,"In a small Korean province in 1986, two detectives struggle with the case of multiple young women being found raped and murdered by an unknown culprit.","Crime, Drama, Mystery",2003,131
244,Dil Chahta Hai,"Three inseparable childhood friends are just out of college. Nothing comes between them - until they each fall in love, and their wildly different approaches to relationships creates tension.","Comedy, Drama, Romance",2001,183
246,Finding Nemo,"After his son is captured in the Great Barrier Reef and taken to Sydney, a timid clownfish sets out on a journey to bring him home.","Animation, Adventure, Comedy",2003,100
247,Catch Me If You Can,"Barely 21 yet, Frank is a skilled forger who has passed as a doctor, lawyer and pilot. FBI agent Carl becomes obsessed with tracking down the con man, who only revels in the pursuit.","Biography, Crime, Drama",2002,141
248,Amores perros,"A horrific car accident connects three stories, each involving characters dealing with loss, regret, and life''s harsh realities, all in the name of love.","Drama, Thriller",2000,154
249,"Monsters, Inc.","In order to power the city, monsters have to scare children so that they scream. However, the children are toxic to the monsters, and after a child gets through, 2 monsters realize things may not be what they think.","Animation, Adventure, Comedy",2001,92
250,"Shin seiki Evangelion Gekijô-ban: Air/Magokoro wo, kimi ni",Concurrent theatrical ending of the TV series Shin seiki evangerion (1995).,"Animation, Action, Drama",1997,87
251,Lagaan: Once Upon a Time in India,The people of a small village in Victorian India stake their future on a game of cricket against their ruthless British rulers.,"Adventure, Drama, Musical",2001,224
252,The Sixth Sense,A boy who communicates with spirits seeks the help of a disheartened child psychologist.,"Drama, Mystery, Thriller",1999,107
253,La leggenda del pianista sull'oceano,"A baby boy, discovered in 1900 on an ocean liner, grows into a musical prodigy, never setting foot on land.","Drama, Music, Romance",1998,169
254,The Truman Show,An insurance salesman discovers his whole life is actually a reality TV show.,"Comedy, Drama",1998,103
255,"Crna macka, beli macor",Matko and his son Zare live on the banks of the Danube river and get by through hustling and basically doing anything to make a living. In order to pay off a business debt Matko agrees to marry off Zare to the sister of a local gangster.,"Comedy, Crime, Romance",1998,127
256,The Big Lebowski,"Jeff The Dude Lebowski, mistaken for a millionaire of the same name, seeks restitution for his ruined rug and enlists his bowling buddies to help get it.","Comedy, Crime, Sport",1998,117
257,Fa yeung nin wah,"Two neighbors, a woman and a man, form a strong bond after both suspect extramarital activities of their spouses. However, they agree to keep their bond platonic so as not to commit similar wrongs.","Drama, Romance",2000,98
258,Trainspotting,"Renton, deeply immersed in the Edinburgh drug scene, tries to clean up and get out, despite the allure of the drugs and influence of friends.",Drama,1996,93
259,Fargo,Jerry Lundegaard's inept crime falls apart due to his and his henchmen's bungling and the persistent police work of the quite pregnant Marge Gunderson.,"Crime, Drama, Thriller",1996,98
260,Underground,"A group of Serbian socialists prepares for the war in a surreal underground filled by parties, tragedies, love and hate.","Comedy, Drama, War",1995,170
261,La haine,24 hours in the lives of three young men in the French suburbs the day after a violent riot.,"Crime, Drama",1995,98
262,Dilwale Dulhania Le Jayenge,"When Raj meets Simran in Europe, it isn''t love at first sight but when Simran moves to India for an arranged marriage, love makes its presence felt.","Drama, Romance",1995,189
263,Before Sunrise,"A young man and woman meet on a train in Europe, and wind up spending one evening together in Vienna. Unfortunately, both know that this will probably be their only night together.","Drama, Romance",1995,101
264,Trois couleurs: Rouge,A model discovers a retired judge is keen on invading people's privacy.,"Drama, Mystery, Romance",1994,99
265,Chung Hing sam lam,"Two melancholy Hong Kong policemen fall in love: one with a mysterious female underworld figure, the other with a beautiful and ethereal server at a late-night restaurant he frequents.","Comedy, Crime, Drama",1994,102
266,Jurassic Park,A pragmatic paleontologist visiting an almost complete theme park is tasked with protecting a couple of kids after a power failure causes the park's cloned dinosaurs to run loose.,"Action, Adventure, Sci-Fi",1993,127
267,In the Name of the Father,A man's coerced confession to an I.R.A. bombing he did not commit results in the imprisonment of his father as well. An English lawyer fights to free them.,"Biography, Crime, Drama",1993,133
268,Ba wang bie ji,Two boys meet at an opera training school in Peking in 1924. Their resulting friendship will span nearly 70 years and will endure some of the most troublesome times in China's history.,"Drama, Music, Romance",1993,171
269,Dà hóng denglong gaogao guà,"A young woman becomes the fourth wife of a wealthy lord, and must learn to live with the strict rules and tensions within the household.","Drama, History, Romance",1991,125
270,Dead Poets Society,Maverick teacher John Keating uses poetry to embolden his boarding school students to new heights of self-expression.,"Comedy, Drama",1989,128
271,Stand by Me,"After the death of one of his friends, a writer recounts a childhood journey with his friends to find the body of a missing boy.","Adventure, Drama",1986,89
272,Platoon,"Chris Taylor, a neophyte recruit in Vietnam, finds himself caught in a battle of wills between two sergeants, one good and the other evil. A shrewd exaation of the brutality of war and the duality of man in conflict.","Drama, War",1986,120
273,"Paris, Texas","Travis Henderson, an aimless drifter who has been missing for four years, wanders out of the desert and must reconnect with society, himself, his life, and his family.",Drama,1984,145
274,Kaze no tani no Naushika,Warrior and pacifist Princess Nausicaä desperately struggles to prevent two warring nations from destroying themselves and their dying planet.,"Animation, Adventure, Fantasy",1984,117
275,The Thing,A research team in Antarctica is hunted by a shape-shifting alien that assumes the appearance of its victims.,"Horror, Mystery, Sci-Fi",1982,109
276,Pink Floyd: The Wall,A confined but troubled rock star descends into madness in the midst of his physical and social isolation from everyone.,"Drama, Fantasy, Music",1982,95
277,Fitzcarraldo,"The story of Brian Sweeney Fitzgerald, an extremely detered man who intends to build an opera house in the middle of a jungle.","Adventure, Drama",1982,158
278,Fanny och Alexander,"Two young Swedish children experience the many comedies and tragedies of their family, the Ekdahls.",Drama,1982,188
279,Blade Runner,"A blade runner must pursue and terate four replicants who stole a ship in space, and have returned to Earth to find their creator.","Action, Sci-Fi, Thriller",1982,117
280,The Elephant Man,"A Victorian surgeon rescues a heavily disfigured man who is mistreated while scraping a living as a side-show freak. Behind his monstrous façade, there is revealed a person of kindness, intelligence and sophistication.","Biography, Drama",1980,124
281,Life of Brian,"Born on the original Christmas in the stable next door to Jesus Christ, Brian of Nazareth spends his life being mistaken for a messiah.",Comedy,1979,94
282,The Deer Hunter,An in-depth exaation of the ways in which the U.S. Vietnam War impacts and disrupts the lives of people in a small industrial town in Pennsylvania.,"Drama, War",1978,183
283,Rocky,A small-time boxer gets a supremely rare chance to fight a heavy-weight champion in a bout in which he strives to go the distance for his self-respect.,"Drama, Sport",1976,120
284,Network,A television network cynically exploits a deranged former anchor's ravings and revelations about the news media for its own profit.,Drama,1976,121
285,Barry Lyndon,An Irish rogue wins the heart of a rich widow and assumes her dead husband's aristocratic position in 18th-century England.,"Adventure, Drama, History",1975,185
286,Zerkalo,"A dying man in his forties remembers his past. His childhood, his mother, the war, personal moments and things that tell of the recent history of all the Russian nation.","Biography, Drama",1975,107
287,Chinatown,"A private detective hired to expose an adulterer finds himself caught up in a web of deceit, corruption, and murder.","Drama, Mystery, Thriller",1974,130
288,Paper Moon,"During the Great Depression, a con man finds himself saddled with a young girl who may or may not be his daughter, and the two forge an unlikely partnership.","Comedy, Crime, Drama",1973,102
289,Viskningar och rop,"When a woman dying of cancer in early twentieth-century Sweden is visited by her two sisters, long-repressed feelings between the siblings rise to the surface.",Drama,1972,91
290,Solaris,A psychologist is sent to a station orbiting a distant planet in order to discover what has caused the crew to go insane.,"Drama, Mystery, Sci-Fi",1972,167
291,Le samouraï,After professional hitman Jef Costello is seen by witnesses his efforts to provide himself an alibi drive him further into a corner.,"Crime, Drama, Mystery",1967,105
292,Cool Hand Luke,"A laid back Southern man is sentenced to two years in a rural prison, but refuses to conform.","Crime, Drama",1967,127
293,Persona,A nurse is put in charge of a mute actress and finds that their personae are melding together.,"Drama, Thriller",1966,85
294,Andrei Rublev,"The life, times and afflictions of the fifteenth-century Russian iconographer St. Andrei Rublev.","Biography, Drama, History",1966,205
295,La battaglia di Algeri,"In the 1950s, fear and violence escalate as the people of Algiers fight for independence from the French government.","Drama, War",1966,121
296,El ángel exterador,The guests at an upper-class dinner party find themselves unable to leave.,"Drama, Fantasy",1962,95
297,What Ever Happened to Baby Jane?,A former child star torments her paraplegic sister in their decaying Hollywood mansion.,"Drama, Horror, Thriller",1962,134
298,Sanjuro,"A crafty samurai helps a young man and his fellow clansmen save his uncle, who has been framed and imprisoned by a corrupt superintendent.","Action, Comedy, Crime",1962,96
299,The Man Who Shot Liberty Valance,A senator returns to a western town for the funeral of an old friend and tells the story of his origins.,"Drama, Western",1962,123
300,Ivanovo detstvo,"In WW2, twelve year old Soviet orphan Ivan Bondarev works for the Soviet army as a scout behind the German lines and strikes a friendship with three sympathetic Soviet officers.","Drama, War",1962,95
301,Jungfrukällan,"An innocent yet pampered young virgin and her family''s pregnant and jealous servant set out to deliver candles to church, but only one returns from events that transpire in the woods along the way.",Drama,1960,89
302,Inherit the Wind,"Based on a real-life case in 1925, two great lawyers argue the case for and against a science teacher accused of the crime of teaching evolution.","Biography, Drama, History",1960,128
303,Les quatre cents coups,"A young boy, left without attention, delves into a life of petty crime.","Crime, Drama",1959,99
304,Ben-Hur,"After a Jewish prince is betrayed and sent into slavery by a Roman friend, he regains his freedom and comes back for revenge.","Adventure, Drama, History",1959,212
305,Kakushi-toride no san-akunin,"Lured by gold, two greedy peasants unknowingly escort a princess and her general across enemy lines.","Adventure, Drama",1958,139
306,Le notti di Cabiria,A waifish prostitute wanders the streets of Rome looking for true love but finds only heartbreak.,Drama,1957,110
307,Kumonosu-jô,"A war-hardened general, egged on by his ambitious wife, works to fulfill a prophecy that he would become lord of Spider''s Web Castle.","Drama, History",1957,110
308,The Bridge on the River Kwai,"British POWs are forced to build a railway bridge across the river Kwai for their Japanese captors, not knowing that the allied forces are planning to destroy it.","Adventure, Drama, War",1957,161
309,On the Waterfront,An ex-prize fighter turned longshoreman struggles to stand up to his corrupt union bosses.,"Crime, Drama, Thriller",1954,108
310,Le salaire de la peur,"In a decrepit South American village, four men are hired to transport an urgent nitroglycerine shipment without the equipment that would make it safe.","Adventure, Drama, Thriller",1953,131
311,Ace in the Hole,"A frustrated former big-city journalist now stuck working for an Albuquerque newspaper exploits a story about a man trapped in a cave to rekindle his career, but the situation quickly escalates into an out-of-control circus.","Drama, Film-Noir",1951,111
312,White Heat,A psychopathic crial with a mother complex makes a daring break from prison and leads his old gang in a chemical plant payroll heist.,"Action, Crime, Drama",1949,114
313,The Third Man,"Pulp novelist Holly Martins travels to shadowy, postwar Vienna, only to find himself investigating the mysterious death of an old friend, Harry Lime.","Film-Noir, Mystery, Thriller",1949,104
314,The Red Shoes,A young ballet dancer is torn between the man she loves and her pursuit to become a prima ballerina.,"Drama, Music, Romance",1948,135
315,The Shop Around the Corner,"Two employees at a gift shop can barely stand each other, without realizing that they are falling in love through the post as each other''s anonymous pen pal.","Comedy, Drama, Romance",1940,99
316,Rebecca,A self-conscious woman juggles adjusting to her new role as an aristocrat's wife and avoiding being intimidated by his first wife's spectral presence.,"Drama, Mystery, Romance",1940,130
317,Mr. Smith Goes to Washington,"A naive man is appointed to fill a vacancy in the United States Senate. His plans promptly collide with political corruption, but he doesn''t back down.","Comedy, Drama",1939,129
318,Gone with the Wind,A manipulative woman and a roguish man conduct a turbulent romance during the American Civil War and Reconstruction periods.,"Drama, History, Romance",1939,238
319,La Grande Illusion,"During WWI, two French soldiers are captured and imprisoned in a German P.O.W. camp. Several escape attempts follow until they are eventually sent to a seegly inescapable fortress.","Drama, War",1937,113
320,It Happened One Night,"A renegade reporter and a crazy young heiress meet on a bus heading for New York, and end up stuck with each other when the bus leaves them behind at one of the stops.","Comedy, Romance",1934,105
321,La passion de Jeanne d'Arc,"In 1431, Jeanne d''Arc is placed on trial on charges of heresy. The ecclesiastical jurists attempt to force Jeanne to recant her claims of holy visions.","Biography, Drama, History",1928,110
322,The Circus,The Tramp finds work and the girl of his dreams at a circus.,"Comedy, Romance",1928,72
323,Sunrise: A Song of Two Humans,An allegorical tale about a man fighting the good and evil within him. Both sides are made flesh - one a sophisticated woman he is attracted to and the other his wife.,"Drama, Romance",1927,94
324,The General,"When Union spies steal an engineer''s beloved locomotive, he pursues it single-handedly and straight through enemy lines.","Action, Adventure, Comedy",1926,67
325,Das Cabinet des Dr. Caligari,"Hypnotist Dr. Caligari uses a somnambulist, Cesare, to commit murders.","Fantasy, Horror, Mystery",1920,76
326,Badhaai ho,A man is embarrassed when he finds out his mother is pregnant.,"Comedy, Drama",2018,124
327,Togo,"The story of Togo, the sled dog who led the 1925 serum run yet was considered by most to be too small and weak to lead such an intense race.","Adventure, Biography, Drama",2019,113
328,Airlift,"When Iraq invades Kuwait in August 1990, a callous Indian businessman becomes the spokesperson for more than 170,000 stranded countrymen.","Drama, History",2016,130
329,Bajrangi Bhaijaan,An Indian man with a magnanimous heart takes a young mute Pakistani girl back to her homeland to reunite her with her family.,"Action, Adventure, Comedy",2015,163
330,Baby,"An elite counter-intelligence unit learns of a plot, masterded by a maniacal madman. With the clock ticking, it''s up to them to track the terrorists'' international tentacles and prevent them from striking at the heart of India.","Action, Crime, Thriller",2015,159
331,La La Land,"While navigating their careers in Los Angeles, a pianist and an actress fall in love while attempting to reconcile their aspirations for the future.","Comedy, Drama, Music",2016,128
332,Lion,"A five-year-old Indian boy is adopted by an Australian couple after getting lost hundreds of kilometers from home. 25 years later, he sets out to find his lost family.","Biography, Drama",2016,118
333,The Martian,"An astronaut becomes stranded on Mars after his team assume him dead, and must rely on his ingenuity to find a way to signal to Earth that he is alive.","Adventure, Drama, Sci-Fi",2015,144
334,Zootopia,"In a city of anthropomorphic animals, a rookie bunny cop and a cynical con artist fox must work together to uncover a conspiracy.","Animation, Adventure, Comedy",2016,108
335,Bãhubali: The Beginning,"In ancient India, an adventurous and daring man becomes involved in a decades-old feud between two warring peoples.","Action, Drama",2015,159
336,Kaguyahime no monogatari,"Found inside a shining stalk of bamboo by an old bamboo cutter and his wife, a tiny girl grows rapidly into an exquisite young lady. The mysterious young princess enthralls all who encounter her, but ultimately she must confront her fate, the punishment for her crime.","Animation, Adventure, Drama",2013,137
337,Wonder,"Based on the New York Times bestseller, this movie tells the incredibly inspiring and heartwarg story of August Pullman, a boy with facial differences who enters the fifth grade, attending a mainstream elementary school for the first time.","Drama, Family",2017,113
338,Gully Boy,A cog-of-age story based on the lives of street rappers in Mumbai.,"Drama, Music, Romance",2019,154
339,Special Chabbis,A gang of con-men rob proent rich businessmen and politicians by posing as C.B.I and income tax officers.,"Crime, Drama, Thriller",2013,144
340,Short Term 12,A 20-something supervising staff member of a residential treatment facility navigates the troubled waters of that world alongside her co-worker and longtime boyfriend.,Drama,2013,96
341,Serbuan maut 2: Berandal,"Only a short time after the first raid, Rama goes undercover with the thugs of Jakarta and plans to bring down the syndicate and uncover the corruption within his police force.","Action, Crime, Thriller",2014,150
342,The Imitation Game,"During World War II, the English mathematical genius Alan Turing tries to crack the German Enigma code with help from fellow mathematicians.","Biography, Drama, Thriller",2014,114
343,Guardians of the Galaxy,A group of intergalactic crials must pull together to stop a fanatical warrior with plans to purge the universe.,"Action, Adventure, Comedy",2014,121
344,Blade Runner 2049,"Young Blade Runner K''s discovery of a long-buried secret leads him to track down former Blade Runner Rick Deckard, who''s been missing for thirty years.","Action, Drama, Mystery",2017,164
345,Her,"In a near future, a lonely writer develops an unlikely relationship with an operating system designed to meet his every need.","Drama, Romance, Sci-Fi",2013,126
346,Bohemian Rhapsody,"The story of the legendary British rock band Queen and lead singer Freddie Mercury, leading up to their famous performance at Live Aid (1985).","Biography, Drama, Music",2018,134
347,The Revenant,A frontiersman on a fur trading expedition in the 1820s fights for survival after being mauled by a bear and left for dead by members of his own hunting team.,"Action, Adventure, Drama",2015,156
348,The Perks of Being a Wallflower,An introvert freshman is taken under the wings of two seniors who welcome him to the real world,"Drama, Romance",2012,103
349,Tropa de Elite 2: O Inimigo Agora é Outro,"After a prison riot, former-Captain Nascimento, now a high ranking security officer in Rio de Janeiro, is swept into a bloody political dispute that involves government officials and paramilitary groups.","Action, Crime, Drama",2010,115
350,The King's Speech,"The story of King George VI, his impromptu ascension to the throne of the British Empire in 1936, and the speech therapist who helped the unsure monarch overcome his stammer.","Biography, Drama, History",2010,118
351,The Help,"An aspiring author during the civil rights movement of the 1960s decides to write a book detailing the African American maids'' point of view on the white families for which they work, and the hardships they go through on a daily basis.",Drama,2011,146
352,Deadpool,"A wisecracking mercenary gets experimented on and becomes immortal but ugly, and sets out to track down the man who ruined his looks.","Action, Adventure, Comedy",2016,108
353,Darbareye Elly,The mysterious disappearance of a kindergarten teacher during a picnic in the north of Iran is followed by a series of misadventures for her fellow travelers.,"Drama, Mystery",2009,119
354,Dev.D,"After breaking up with his childhood sweetheart, a young man finds solace in drugs. Meanwhile, a teenage girl is caught in the world of prostitution. Will they be destroyed, or will they find redemption?","Drama, Romance",2009,144
355,Yip Man,"During the Japanese invasion of China, a wealthy martial artist is forced to leave his home when his city is occupied. With little means of providing for themselves, Ip Man and the remaining members of the city must find a way to survive.","Action, Biography, Drama",2008,106
356,My Name Is Khan,An Indian Muslim man with Asperger's syndrome takes a challenge to speak to the President of the United States seriously and embarks on a cross-country journey.,Drama,2010,165
357,Nefes: Vatan Sagolsun,Story of 40-man Turkish task force who must defend a relay station.,"Action, Drama, Thriller",2009,128
358,Slumdog Millionaire,A Mumbai teenager reflects on his life after being accused of cheating on the Indian version of Who Wants to be a Millionaire?.,"Drama, Romance",2008,120
359,Black Swan,A committed dancer struggles to maintain her sanity after winning the lead role in a production of Tchaikovsky's Swan Lake.,"Drama, Thriller",2010,108
360,Tropa de Elite,"In 1997 Rio de Janeiro, Captain Nascimento has to find a substitute for his position while trying to take down drug dealers and crials before the Pope visits.","Action, Crime, Drama",2007,115
361,The Avengers,Earth's mightiest heroes must come together and learn to fight as a team if they are going to stop the mischievous Loki and his alien army from enslaving humanity.,"Action, Adventure, Sci-Fi",2012,143
362,Persepolis,A precocious and outspoken Iranian girl grows up during the Islamic Revolution.,"Animation, Biography, Drama",2007,96
363,Dallas Buyers Club,"In 1985 Dallas, electrician and hustler Ron Woodroof works around the system to help AIDS patients get the medication they need after he is diagnosed with the disease.","Biography, Drama",2013,117
364,The Pursuit of Happyness,A struggling salesman takes custody of his son as he's poised to begin a life-changing professional career.,"Biography, Drama",2006,117
365,Blood Diamond,"A fisherman, a smuggler, and a syndicate of businessmen match wits over the possession of a priceless diamond.","Adventure, Drama, Thriller",2006,143
366,The Bourne Ultimatum,Jason Bourne dodges a ruthless C.I.A. official and his Agents from a new assassination program while searching for the origins of his life as a trained killer.,"Action, Mystery, Thriller",2007,115
367,Bin-jip,A transient young man breaks into empty homes to partake of the vacationing residents' lives for a few days.,"Crime, Drama, Romance",2004,88
368,Sin City,"A movie that explores the dark and miserable town, Basin City, tells the story of three different people, all caught up in violent corruption.","Crime, Thriller",2005,124
369,Le scaphandre et le papillon,The true story of Elle editor Jean-Doique Bauby who suffers a stroke and has to live with an almost totally paralyzed body; only his left eye isn't paralyzed.,"Biography, Drama",2007,112
370,G.O.R.A.,A slick young Turk kidnapped by extraterrestrials shows his great « humanitarian spirit » by outwitting the evil commander-in-chief of the planet of G.O.R.A.,"Adventure, Comedy, Sci-Fi",2004,127
371,Ratatouille,A rat who can cook makes an unusual alliance with a young kitchen worker at a famous restaurant.,"Animation, Adventure, Comedy",2007,111
372,Casino Royale,"After earning 00 status and a licence to kill, Secret Agent James Bond sets out on his first mission as 007. Bond must defeat a private banker funding terrorists in a high-stakes game of poker at Casino Royale, Montenegro.","Action, Adventure, Thriller",2006,144
373,Kill Bill: Vol. 2,"The Bride continues her quest of vengeance against her former boss and lover Bill, the reclusive bouncer Budd, and the treacherous, one-eyed Elle.","Action, Crime, Thriller",2004,137
374,Vozvrashchenie,"In the Russian wilderness, two brothers face a range of new, conflicting emotions when their father - a man they know only through a single photograph - resurfaces.",Drama,2003,110
375,Bom Yeoareum Gaeul Gyeoul Geurigo Bom,A boy is raised by a Buddhist monk in an isolated floating temple where the years pass like the seasons.,"Drama, Romance",2003,103
376,Mar adentro,"The factual story of Spaniard Ramon Sampedro, who fought a thirty-year campaign in favor of euthanasia and his own right to die.","Biography, Drama",2014,126
377,Cinderella Man,"The story of James J. Braddock, a supposedly washed-up boxer who came back to become a champion and an inspiration in the 1930s.","Biography, Drama, History",2005,144
378,Kal Ho Naa Ho,"Naina, an introverted, perpetually depressed girl''s life changes when she meets Aman. But Aman has a secret of his own which changes their lives forever. Embroiled in all this is Rohit, Naina''s best friend who conceals his love for her.","Comedy, Drama, Musical",2003,186
379,Mou gaan dou,"A story between a mole in the police department and an undercover cop. Their objectives are the same: to find out who is the mole, and who is the cop.","Action, Crime, Drama",2002,101
380,Pirates of the Caribbean: The Curse of the Black Pearl,"Blacksmith Will Turner teams up with eccentric pirate Captain Jack Sparrow to save his love, the governor''s daughter, from Jack''s former pirate allies, who are now undead.","Action, Adventure, Fantasy",2003,143
381,Big Fish,A frustrated son tries to detere the fact from fiction in his dying father's life.,"Adventure, Drama, Fantasy",2003,125
382,The Incredibles,"A family of undercover superheroes, while trying to live the quiet suburban life, are forced into action to save the world.","Animation, Action, Adventure",2004,115
383,Yeopgijeogin geunyeo,"A young man sees a drunk, cute woman standing too close to the tracks at a metro station in Seoul and pulls her back. She ends up getting him into trouble repeatedly after that, starting on the train.","Comedy, Drama, Romance",2001,137
384,Dogville,"A woman on the run from the mob is reluctantly accepted in a small Colorado community in exchange for labor, but when a search visits the town she finds out that their support has a price.","Crime, Drama",2003,178
385,Vizontele,Lives of residents in a small Anatolian village change when television is introduced to them,"Comedy, Drama",2001,110
386,Donnie Darko,"After narrowly escaping a bizarre accident, a troubled teenager is plagued by visions of a man in a large rabbit suit who manipulates him to commit a series of crimes.","Drama, Mystery, Sci-Fi",2001,113
387,Magnolia,"An epic mosaic of interrelated characters in search of love, forgiveness, and meaning in the San Fernando Valley.",Drama,1999,188
388,Dancer in the Dark,"An East European girl travels to the United States with her young son, expecting it to be like a Hollywood film.","Crime, Drama, Musical",2000,140
389,The Straight Story,An old man makes a long journey by lawnmower to mend his relationship with an ill brother.,"Biography, Drama",1999,112
390,Pâfekuto burû,"A pop singer gives up her career to become an actress, but she slowly goes insane when she starts being stalked by an obsessed fan and what seems to be a ghost of her past.","Animation, Crime, Mystery",1997,81
391,Festen,"At Helge''s 60th birthday party, some unpleasant family truths are revealed.",Drama,1998,105
392,Central do Brasil,"An emotive journey of a former school teacher, who writes letters for illiterate people, and a young boy, whose mother has just died, as they search for the father he never knew.",Drama,1998,110
393,The Iron Giant,A young boy befriends a giant robot from outer space that a paranoid government agent wants to destroy.,"Animation, Action, Adventure",1999,86
394,Knockin' on Heaven's Door,"Two terally ill patients escape from a hospital, steal a car and rush towards the sea.","Action, Crime, Comedy",1997,87
395,Sling Blade,"Karl Childers, a simple man hospitalized since his childhood murder of his mother and her lover, is released to start a new life in a small town.",Drama,1996,135
396,Secrets & Lies,"Following the death of her adoptive parents, a successful young black optometrist establishes contact with her biological mother -- a lonely white factory worker living in poverty in East London.","Comedy, Drama",1996,136
397,Twelve Monkeys,"In a future world devastated by disease, a convict is sent back in time to gather information about the man-made virus that wiped out most of the human population on the planet.","Mystery, Sci-Fi, Thriller",1995,129
398,Kôkaku Kidôtai,A cyborg policewoman and her partner hunt a mysterious and powerful hacker called the Puppet Master.,"Animation, Action, Crime",1995,83
399,The Nightmare Before Christmas,"Jack Skellington, king of Halloween Town, discovers Christmas Town, but his attempts to bring Christmas to his home causes confusion.","Animation, Family, Fantasy",1993,76
400,Groundhog Day,A weatherman finds himself inexplicably living the same day over and over again.,"Comedy, Fantasy, Romance",1993,101
401,Bound by Honor,"Based on the true life experiences of poet Jimmy Santiago Baca, the film focuses on step-brothers Paco and Cruz, and their bi-racial cousin Miklo.","Crime, Drama",1993,180
402,Scent of a Woman,"A prep school student needing money agrees to babysit a blind man, but the job is not at all what he anticipated.",Drama,1992,156
403,Aladdin,A kindhearted street urchin and a power-hungry Grand Vizier vie for a magic lamp that has the power to make their deepest wishes come true.,"Animation, Adventure, Comedy",1992,90
404,JFK,New Orleans District Attorney Jim Garrison discovers there's more to the Kennedy assassination than the official story.,"Drama, History, Thriller",1991,189
405,Beauty and the Beast,A prince cursed to spend his days as a hideous monster sets out to regain his humanity by earning a young woman's love.,"Animation, Family, Fantasy",1991,84
406,Dances with Wolves,"Lieutenant John Dunbar, assigned to a remote western Civil War outpost, befriends wolves and Indians, making him an intolerable aberration in the military.","Adventure, Drama, Western",1990,181
407,Do the Right Thing,"On the hottest day of the year on a street in the Bedford-Stuyvesant section of Brooklyn, everyone''s hate and bigotry smolders and builds until it explodes into violence.","Comedy, Drama",1989,120
408,Rain Man,Selfish yuppie Charlie Babbitt's father left a fortune to his savant brother Raymond and a pittance to Charlie; they travel cross-country.,Drama,1988,133
409,Akira,A secret military project endangers Neo-Tokyo when it turns a biker gang member into a rampaging psychic psychopath who can only be stopped by two teenagers and a group of psychics.,"Animation, Action, Sci-Fi",1988,124
410,The Princess Bride,"While home sick in bed, a young boy''s grandfather reads him the story of a farmboy-turned-pirate who encounters numerous obstacles, enemies and allies in his quest to be reunited with his true love.","Adventure, Family, Fantasy",1987,98
411,Der Himmel über Berlin,An angel tires of overseeing human activity and wishes to become human when he falls in love with a mortal.,"Drama, Fantasy, Romance",1987,128
412,Au revoir les enfants,"A French boarding school run by priests seems to be a haven from World War II until a new student arrives. He becomes the roommate of the top student in his class. Rivals at first, the roommates form a bond and share a secret.","Drama, War",1987,104
413,Tenkû no shiro Rapyuta,A young boy and a girl with a magic crystal must race against pirates and foreign agents in a search for a legendary floating castle.,"Animation, Adventure, Drama",1986,125
414,The Terator,"A human soldier is sent from 2029 to 1984 to stop an almost indestructible cyborg killing machine, sent from the same year, which has been programmed to execute a young woman whose unborn son is the key to humanity''s future salvation.","Action, Sci-Fi",1984,107
415,Gandhi,The life of the lawyer who became the famed leader of the Indian revolts against the British rule through his philosophy of nonviolent protest.,"Biography, Drama, History",1982,191
416,Kagemusha,A petty thief with an utter resemblance to a samurai warlord is hired as the lord's double. When the warlord later dies the thief is forced to take up arms in his place.,"Drama, History, War",1980,180
417,Being There,"A simpleded, sheltered gardener becomes an unlikely trusted advisor to a powerful businessman and an insider in Washington politics.","Comedy, Drama",1979,130
418,Annie Hall,Neurotic New York comedian Alvy Singer falls in love with the ditzy Annie Hall.,"Comedy, Romance",1977,93
419,Jaws,"When a killer shark unleashes chaos on a beach community, it''s up to a local sheriff, a marine biologist, and an old seafarer to hunt the beast down.","Adventure, Thriller",1975,124
420,Dog Day Afternoon,"Three amateur bank robbers plan to hold up a bank. A nice simple robbery: Walk in, take the money, and run. Unfortunately, the supposedly uncomplicated heist suddenly becomes a bizarre nightmare as everything that could go wrong does.","Biography, Crime, Drama",1975,125
421,Young Frankenstein,"An American grandson of the infamous scientist, struggling to prove that his grandfather was not as insane as people believe, is invited to Transylvania, where he discovers the process that reanimates a dead body.",Comedy,1974,106
422,Papillon,"A man befriends a fellow crial as the two of them begin serving their sentence on a dreadful prison island, which inspires the man to plot his escape.","Biography, Crime, Drama",1973,151
423,The Exorcist,"When a 12-year-old girl is possessed by a mysterious entity, her mother seeks the help of two priests to save her.",Horror,1973,122
424,Sleuth,"A man who loves games and theater invites his wife''s lover to meet him, setting up a battle of wits with potentially deadly results.","Mystery, Thriller",1972,138
425,The Last Picture Show,"In 1951, a group of high schoolers come of age in a bleak, isolated, atrophied North Texas town that is slowly dying, both culturally and economically.","Drama, Romance",1971,118
426,Fiddler on the Roof,"In prerevolutionary Russia, a Jewish peasant contends with marrying off three of his daughters while growing anti-Semitic sentiment threatens his village.","Drama, Family, Musical",1971,181
427,Il conformista,"A weak-willed Italian man becomes a fascist flunky who goes abroad to arrange the assassination of his old teacher, now a political dissident.",Drama,1970,113
428,Butch Cassidy and the Sundance Kid,"Wyog, early 1900s. Butch Cassidy and The Sundance Kid are the leaders of a band of outlaws. After a train robbery goes wrong they find themselves on the run with a posse hard on their heels. Their solution - escape to Bolivia.","Biography, Crime, Drama",1969,110
429,Rosemary's Baby,A young couple trying for a baby move into a fancy apartment surrounded by peculiar neighbors.,"Drama, Horror",1968,137
430,Planet of the Apes,"An astronaut crew crash-lands on a planet in the distant future where intelligent talking apes are the doant species, and humans are the oppressed and enslaved.","Adventure, Sci-Fi",1968,112
431,The Graduate,A disillusioned college graduate finds himself torn between his older lover and her daughter.,"Comedy, Drama, Romance",1967,106
432,Who's Afraid of Virginia Woolf?,"A bitter, aging couple, with the help of alcohol, use their young houseguests to fuel anguish and emotional pain towards each other over the course of a distressing night.",Drama,1966,131
433,The Sound of Music,A woman leaves an Austrian convent to become a governess to the children of a Naval officer widower.,"Biography, Drama, Family",1965,172
434,Doctor Zhivago,"The life of a Russian physician and poet who, although married to another, falls in love with a political activist''s wife and experiences hardship during World War I and then the October Revolution.","Drama, Romance, War",1965,197
435,Per un pugno di dollari,"A wandering gunfighter plays two rival families against each other in a town torn apart by greed, pride, and revenge.","Action, Drama, Western",1964,99
436,8½,A harried movie director retreats into his memories and fantasies.,Drama,1963,138
437,Vivre sa vie: Film en douze tableaux,Twelve episodic tales in the life of a Parisian woman and her slow descent into prostitution.,Drama,1962,80
438,The Hustler,An up-and-cog pool player plays a long-time champion in a single high-stakes match.,"Drama, Sport",1961,134
439,La dolce vita,A series of stories following a week in the life of a philandering paparazzo journalist living in Rome.,"Comedy, Drama",1960,174
440,Rio Bravo,"A small-town sheriff in the American West enlists the help of a cripple, a drunk, and a young gunfighter in his efforts to hold in jail the brother of the local bad guy.","Action, Drama, Western",1959,141
441,Anatomy of a Murder,"In a murder trial, the defendant says he suffered temporary insanity after the victim raped his wife. What is the truth, and will he win his case?","Crime, Drama, Mystery",1959,161
442,Touch of Evil,"A stark, perverse story of murder, kidnapping, and police corruption in a Mexican border town.","Crime, Drama, Film-Noir",1958,95
443,Cat on a Hot Tin Roof,Brick is an alcoholic ex-football player who drinks his days away and resists the affections of his wife. A reunion with his teral father jogs a host of memories and revelations for both father and son.,Drama,1958,108
444,Sweet Smell of Success,Powerful but unethical Broadway columnist J.J. Hunsecker coerces unscrupulous press agent Sidney Falco into breaking up his sister's romance with a jazz musician.,"Drama, Film-Noir",1957,96
445,The Killing,Crook Johnny Clay assembles a five man team to plan and execute a daring race-track robbery.,"Crime, Drama, Film-Noir",1956,84
446,The Night of the Hunter,"A religious fanatic marries a gullible widow whose young children are reluctant to tell him where their real daddy hid the $10,000 he''d stolen in a robbery.","Crime, Drama, Film-Noir",1955,92
447,La Strada,"A care-free girl is sold to a traveling entertainer, consequently enduring physical and emotional pain along the way.",Drama,1954,108
448,Les diaboliques,The wife and mistress of a loathed school principal plan to murder him with what they believe is the perfect alibi.,"Crime, Drama, Horror",1955,117
449,Stalag 17,"When two escaping American World War II prisoners are killed, the German P.O.W. camp barracks black marketeer, J.J. Sefton, is suspected of being an informer.","Comedy, Drama, War",1953,120
450,Roman Holiday,A bored and sheltered princess escapes her guardians and falls in love with an American newsman in Rome.,"Comedy, Romance",1953,118
451,A Streetcar Named Desire,Disturbed Blanche DuBois moves in with her sister in New Orleans and is tormented by her brutish brother-in-law while her reality crumbles around her.,Drama,1951,122
452,In a Lonely Place,"A potentially violent screenwriter is a murder suspect until his lovely neighbor clears him. However, she soon starts to have her doubts.","Drama, Film-Noir, Mystery",1950,94
453,Kind Hearts and Coronets,A distant poor relative of the Duke D'Ascoyne plots to inherit the title by murdering the eight other heirs who stand ahead of him in the line of succession.,"Comedy, Crime",1949,106
454,Rope,Two men attempt to prove they committed the perfect crime by hosting a dinner party after strangling their former classmate to death.,"Crime, Drama, Mystery",1948,80
455,Out of the Past,"A private eye escapes his past to run a gas station in a small town, but his past catches up with him. Now he must return to the big city world of danger, corruption, double crosses and duplicitous dames.","Crime, Drama, Film-Noir",1947,97
456,Brief Encounter,"Meeting a stranger in a railway station, a woman is tempted to cheat on her husband.","Drama, Romance",1945,86
457,Laura,A police detective falls in love with the woman whose murder he is investigating.,"Drama, Film-Noir, Mystery",1944,88
458,The Best Years of Our Lives,Three World War II veterans return home to small-town America to discover that they and their families have been irreparably changed.,"Drama, Romance, War",1946,170
459,Arsenic and Old Lace,A writer of books on the futility of marriage risks his reputation when he decides to get married. Things get even more complicated when he learns on his wedding day that his beloved maiden aunts are habitual murderers.,"Comedy, Crime, Thriller",1942,118
460,The Maltese Falcon,"A private detective takes on a case that involves him with three eccentric crials, a gorgeous liar, and their quest for a priceless statuette.","Film-Noir, Mystery",1941,100
461,The Grapes of Wrath,"A poor Midwest family is forced off their land. They travel to California, suffering the misfortunes of the homeless in the Great Depression.","Drama, History",1940,129
462,The Wizard of Oz,Dorothy Gale is swept away from a farm in Kansas to a magical land of Oz in a tornado and embarks on a quest with her new friends to see the Wizard who can help her return home to Kansas and help her friends as well.,"Adventure, Family, Fantasy",1939,102
463,La règle du jeu,"A bourgeois life in France at the onset of World War II, as the rich and their poor servants meet up at a French chateau.","Comedy, Drama",1939,110
464,The Thin Man,"Former detective Nick Charles and his wealthy wife Nora investigate a murder case, mostly for the fun of it.","Comedy, Crime, Mystery",1934,91
465,All Quiet on the Western Front,"A German youth eagerly enters World War I, but his enthusiasm wanes as he gets a firsthand view of the horror.","Drama, War",1930,152
466,Bronenosets Potemkin,"In the midst of the Russian Revolution of 1905, the crew of the battleship Potemkin mutiny against the brutal, tyrannical regime of the vessel''s officers. The resulting street demonstration in Odessa brings on a police massacre.","Drama, History, Thriller",1925,75
467,Knives Out,"A detective investigates the death of a patriarch of an eccentric, combative family.","Comedy, Crime, Drama",2019,130
468,Dil Bechara,"The emotional journey of two hopelessly in love youngsters, a young girl, Kizie, suffering from cancer, and a boy, Manny, whom she meets at a support group.","Comedy, Drama, Romance",2020,101
469,Manbiki kazoku,A family of small-time crooks take in a child they find outside in the cold.,"Crime, Drama",2018,121
470,Marriage Story,Noah Baumbach's incisive and compassionate look at a marriage breaking up and a family staying together.,"Comedy, Drama, Romance",2019,137
471,Call Me by Your Name,"In 1980s Italy, romance blossoms between a seventeen-year-old student and the older man hired as his father''s research assistant.","Drama, Romance",2017,132
472,"I, Daniel Blake","After having suffered a heart-attack, a 59-year-old carpenter must fight the bureaucratic forces of the system in order to receive Employment and Support Allowance.",Drama,2016,100
473,Isle of Dogs,"Set in Japan, Isle of Dogs follows a boy''s odyssey in search of his lost dog.","Animation, Adventure, Comedy",2018,101
474,Hunt for the Wilderpeople,A national manhunt is ordered for a rebellious kid and his foster uncle who go missing in the wild New Zealand bush.,"Adventure, Comedy, Drama",2016,101
475,Captain Fantastic,"In the forests of the Pacific Northwest, a father devoted to raising his six kids with a rigorous physical and intellectual education is forced to leave his paradise and enter the world, challenging his idea of what it means to be a parent.","Comedy, Drama",2016,118
476,Sing Street,A boy growing up in Dublin during the 1980s escapes his strained family life by starting a band to impress the mysterious girl he likes.,"Comedy, Drama, Music",2016,106
477,Thor: Ragnarok,"Imprisoned on the planet Sakaar, Thor must race against time to return to Asgard and stop Ragnarök, the destruction of his world, at the hands of the powerful and ruthless villain Hela.","Action, Adventure, Comedy",2017,130
478,Nightcrawler,"When Louis Bloom, a con man desperate for work, muscles into the world of L.A. crime journalism, he blurs the line between observer and participant to become the star of his own story.","Crime, Drama, Thriller",2014,117
479,Jojo Rabbit,A young boy in Hitler's army finds out his mother is hiding a Jewish girl in their home.,"Comedy, Drama, War",2019,108
480,Arrival,A linguist works with the military to communicate with alien lifeforms after twelve mysterious spacecrafts appear around the world.,"Drama, Sci-Fi",2016,116
481,Star Wars: Episode VII - The Force Awakens,"As a new threat to the galaxy rises, Rey, a desert scavenger, and Finn, an ex-stormtrooper, must join Han Solo and Chewbacca to search for the one hope of restoring peace.","Action, Adventure, Sci-Fi",2015,138
482,Before Midnight,We meet Jesse and Celine nine years on in Greece. Almost two decades have passed since their first meeting on that train bound for Vienna.,"Drama, Romance",2013,109
483,X-Men: Days of Future Past,The X-Men send Wolverine to the past in a desperate effort to change history and prevent an event that results in doom for both humans and mutants.,"Action, Adventure, Sci-Fi",2014,132
484,Bir Zamanlar Anadolu'da,A group of men set out in search of a dead body in the Anatolian steppes.,"Crime, Drama",2011,157
485,The Artist,An egomaniacal film star develops a relationship with a young dancer against the backdrop of Hollywood's silent era.,"Comedy, Drama, Romance",2011,100
486,Edge of Tomorrow,"A soldier fighting aliens gets to relive the same day over and over again, the day restarting every time he dies.","Action, Adventure, Sci-Fi",2014,113
487,Amour,"Georges and Anne are an octogenarian couple. They are cultivated, retired music teachers. Their daughter, also a musician, lives in Britain with her family. One day, Anne has a stroke, and the couple''s bond of love is severely tested.","Drama, Romance",2012,127
488,The Irishman,"An old man recalls his time painting houses for his friend, Jimmy Hoffa, through the 1950-70s.","Biography, Crime, Drama",2019,209
489,Un prophète,A young Arab man is sent to a French prison.,"Crime, Drama",2009,155
490,Moon,"Astronaut Sam Bell has a quintessentially personal encounter toward the end of his three-year stint on the Moon, where he, working alongside his computer, GERTY, sends back to Earth parcels of a resource that has helped diish our planet''s power problems.","Drama, Mystery, Sci-Fi",2009,97
491,Låt den rätte komma in,"Oskar, an overlooked and bullied boy, finds love and revenge through Eli, a beautiful but peculiar girl.","Crime, Drama, Fantasy",2008,114
492,District 9,Violence ensues after an extraterrestrial race forced to live in slum-like conditions on Earth finds a kindred spirit in a government agent exposed to their biotechnology.,"Action, Sci-Fi, Thriller",2009,112
493,The Wrestler,"A faded professional wrestler must retire, but finds his quest for a new life outside the ring a dispiriting struggle.","Drama, Sport",2008,109
494,Jab We Met,A depressed wealthy businessman finds his life changing after he meets a spunky and care-free young woman.,"Comedy, Drama, Romance",2007,138
495,Boyhood,"The life of Mason, from early childhood to his arrival at college.",Drama,2014,165
496,"4 luni, 3 saptamâni si 2 zile",A woman assists her friend in arranging an illegal abortion in 1980s Romania.,Drama,2007,113
497,Star Trek,The brash James T. Kirk tries to live up to his father's legacy with Mr. Spock keeping him in check as a vengeful Romulan from the future creates black holes to destroy the Federation one planet at a time.,"Action, Adventure, Sci-Fi",2009,127
498,In Bruges,"Guilt-stricken after a job gone wrong, hitman Ray and his partner await orders from their ruthless boss in Bruges, Belgium, the last place in the world Ray wants to be.","Comedy, Crime, Drama",2008,107
499,The Man from Earth,An impromptu goodbye party for Professor John Oldman becomes a mysterious interrogation after the retiring scholar reveals to his colleagues he has a longer and stranger past than they can imagine.,"Drama, Fantasy, Mystery",2007,87
